Comment,Designator,Footprint,LCSC Part #
0R,R22 R23,R0402,
1.5uH,L1,BCIH1367-2R2M,
1k,R3,R0402,
1k,REN,R0603,
1uF,C5,C0603,
4.7uF,CVC,C0402,
5.1k,R1,R0603,
6.8k,R7 R10 R14 R18 R21 R25 R27 R30 R36 R39 R42 R45 R48 R51 R54 R57 R60 R63 R66 R69 R72 R75 R78 R81 R84 R87 R90 R93 R96 R99 R102 R105 R108 R111 R114 R117 R120 R123 R126 R129 R132,R0603,
10uF,C3 C4 CIN1 CIN2 CIN3,C0805,
22uF,COUT1 COUT2 COUT3 COUT4,C1206,
27k,R2,R0603,
47nF,CSS,C0603,
100k,R31,R0402,
100nF,CB CEN CEN1 CEN2 CEN3 CEN4 CEN5 CEN6 CEN7 CEN8 CEN9 CEN10 CEN11 CEN12 CEN13 CEN14 CEN15 CEN16 CEN17 CEN18 CEN19 CEN20,C0603,
100pF,CTON,C0402,
100pF,C2,C0603,
150,R5 R6 R9 R13 R17 R20 R26 R29 R35 R38 R41 R44 R47 R50 R53 R56 R59 R62 R65 R68 R71 R74 R77 R80 R83 R86 R89 R92 R95 R98 R101 R104 R107 R110 R113 R116 R119 R122 R125 R128 R131,R0603,
220,R4 R8 R11 R12 R15 R19 R24 R28 R34 R37 R40 R43 R46 R49 R52 R55 R58 R61 R64 R67 R70 R73 R76 R79 R82 R85 R88 R91 R94 R97 R100 R103 R106 R109 R112 R115 R118 R121 R124 R127 R130,R0603,
282837-9,J6 J7 J8,TE_282837-9,
1715250000,J9,CONN2_250000_WED,
AOZ2255EQI-30,REG,QFN_4X4_22L-EP2_S_AOS,
AP2112K-3.3TRG1,U2,SOT_RG1_DIO,
BZX84C5V1-7-F,DEN,SOT23,
CR-02JL6----1K,R32 R33 R133 R134 R135 R136 R137 R138 R139 R140 R141 R142 R143 R144 R145 R146 R147 R148 R149 R171,RES_CR-02_VKG,
DBF310-13,RECT,DBF_DIO,
DMN2056U-7,Q1 Q2 Q3 Q4 Q5 Q7 Q8 Q9 Q10 Q11 Q12 Q13 Q14 Q15 Q16 Q17 Q18 Q19 Q20 Q21 Q22 Q23 Q24 Q25 Q26 Q27 Q28 Q29 Q30 Q31 Q32 Q33 Q34 Q35 Q36 Q37 Q38 Q39 Q40 Q41 Q42,SOT23,
INA332AIDGKR,U1 U10 U11 U12 U13 U14 U15 U16 U17 U18 U19 U20 U21 U22 U23 U24 U25 U26 U27 U28,DGK0008A_N,
MC74HCT4851ADR2G,U6 U7 U8 U9,SOIC-16_ONS,
MCP40D17T-503E/LT,3V1 3V2 3V3 3V4 3V5 3V6 3V7 3V8 3V9 3V10 3V11 3V12 3V13 3V14 3V15 3V16 3V17 3V18 3V19 3V21,SC70-6_MC_MCH,
MCP23008-E/P,U3 U4 U5,DIP254P762X533-18,
RC0402FR-0782K5L,R170,RC0402N_YAG,
RC0402FR-07698KL,R169,RESC1005X40N,
VLMY1500-GS08,D1 D2 D3 D4 D5 D6 D7 D11 D12 D13 D14 D15 D16 D17 D18 D19 D20 D21 D22 D23 D24 D25 D26 D27 D28 D29 D30 D31 D32 D33 D34 D35 D36 D37 D38 D39 D40 D41 D42 D43 D44 D45,LED_1500-GS08_VIS,
YLR12-2-100F,U$1 U$2 U$4 U$5 U$6 U$7 U$8 U$9 U$10 U$11 U$12 U$13 U$14 U$15 U$16 U$17 U$18 U$19 U$20 U$21,YLR12-2-100F,
